,lemma,log_likelihood,relative_frequency,register,p_value,p_value_fdr
9,_,2871.1314240536826,0.006726066380765908,Epic,0.0,0.0
19829,υἱός,933.5983805349804,0.0024811535382200695,Epic,4.876223265914345e-205,5.501842710931156e-201
1795,Τρώς,850.2305635639259,0.002635730196351991,Epic,6.478006085622944e-187,3.6545671332041843e-183
12040,ναῦς,845.7077512442203,0.004720533329105596,Epic,6.2332285797150246e-186,3.014122202782484e-182
7158,θυμός,825.118831246284,0.0033372704140276336,Epic,1.8658614554203142e-181,7.894693050565277e-178
32506,Ὀδυσσεύς,803.6960705396224,0.0031192776910210778,Epic,8.481470517903865e-177,3.1898810617836434e-173
26190,Ἀχαιός,667.8964922430515,0.0033174528937543104,Epic,2.864554716903461e-147,8.080192717705439e-144
29738,ἑταῖρος,638.9272498109864,0.0017716863124350977,Epic,5.718048117478389e-141,1.4888477748348152e-137
5377,δῖος,556.5218706539248,0.001676562215123146,Epic,4.799912315663529e-123,1.083148213152632e-119
10683,μέγαρον,484.07406741839327,0.001193014720454059,Epic,2.774874961287675e-107,5.870421410289156e-104
31496,ἵππος,462.713770112449,0.0020689491165349462,Epic,1.2340471567711366e-102,2.4571330711497766e-99
30578,Ἕκτωρ,417.7653074819641,0.0020293140759883,Epic,7.479224571085045e-93,1.2658213625332884e-89
1753,Τηλέμαχος,400.9431474883267,0.0009710584933928388,Epic,3.432605534389702e-89,5.2813756697071375e-86
16160,πρόσφημι,397.59333214650286,0.0009314234528461923,Epic,1.8400935166911603e-88,2.5952218936032955e-85
10674,μάχομαι,355.73059241572275,0.0010106935339394853,Epic,2.3946960593798225e-79,2.795105755653366e-76
2534,βάλλω,345.13147272363864,0.0023107228638694897,Epic,4.868008791786545e-77,5.1492884247869615e-74
32355,ὄρνυμι,337.09123333243235,0.0009829490055568327,Epic,2.743823203761269e-75,2.8144142916398544e-72
31500,ἵστημι,325.5335330069642,0.0022591973111588492,Epic,9.028376443025946e-73,8.731471834856722e-70
17589,στῆθος,323.15032527651937,0.0007570292744409477,Epic,2.9833384039073926e-72,2.8050839342739257e-69
11610,μνηστήρ,320.4223143174619,0.0009591679812288448,Epic,1.171958480043064e-71,1.0721519619183153e-68
26197,Ἀχιλλεύς,304.3989373539465,0.001846992889473726,Epic,3.625883987928134e-68,3.146988387368703e-65
16482,πόλεμος,282.1734405066593,0.0012564307853286934,Epic,2.523319348051341e-63,2.0832155271265814e-60
25944,Ἀθήνη,274.50188157642555,0.0014982045326632368,Epic,1.1851497150976761e-61,9.117302887804828e-59
31305,ἱκνέομαι,268.25165250329786,0.0013515548826406449,Epic,2.728716852200748e-60,2.0525408162254027e-57
20706,χαλκός,264.4026938430027,0.0008204453393155821,Epic,1.883060851967692e-59,1.3736449722151564e-56
6054,εὐρύς,261.3459884807598,0.000642087656855673,Epic,8.732239795797865e-59,6.157866350999207e-56
9287,κρατερός,258.0607523322831,0.0006579416730743315,Epic,4.541839673450255e-58,3.1374843082983198e-55
15502,προσαυδάω,256.628859208236,0.0007332482501129599,Epic,9.318852999434762e-58,6.1849775525072014e-55
21445,ἀγορεύω,254.0828137677118,0.0006698321852383255,Epic,3.3448578843499513e-57,2.1773095101415673e-54
1288,Πάτροκλος,252.94945435468023,0.0006222701365823498,Epic,5.908085882783293e-57,3.7732603593647487e-54
29290,ἐρύω,251.2703884355319,0.0006183066325276851,Epic,1.3724176589917347e-56,8.602771359113191e-54
15562,προσεῖπον,248.4866339043174,0.0007966643149875943,Epic,5.5509979379413985e-56,3.3552808785960426e-53
2238,αἱρέω,243.88759417391245,0.002172000221956227,Epic,5.5855276800947864e-55,3.3169215165531303e-52
29783,ἔγχος,241.75912112962976,0.001082036606923449,Epic,1.626089007070674e-54,9.489911517299181e-52
21636,ἀθάνατος,237.6365442406805,0.00084422636364357,Epic,1.288412107866283e-53,7.268576906527636e-51
6998,θνῄσκω,233.48033972858468,0.0005469635595437214,Epic,1.0383953462562208e-52,5.7620727992502985e-50
30176,ἔπος,232.69139281866558,0.002386029440908118,Epic,1.5431537587393154e-52,8.424872835414046e-50
19176,τεύχω,224.74850806566337,0.0007213577379489659,Epic,8.33032409208411e-51,4.3380483106608465e-48
30413,ἕπομαι,215.68395310212793,0.0008561168758075639,Epic,7.904330012272267e-49,3.934612743903e-46
23586,ἀπαμείβομαι,211.4858149715441,0.000495438006833081,Epic,6.511910247668971e-48,3.104530281314747e-45
30590,ἠέλιος,211.4858149715441,0.000495438006833081,Epic,6.511910247668971e-48,3.104530281314747e-45
16311,πτερόεις,209.32377189786192,0.0005192190311610689,Epic,1.92930423103973e-47,8.945893002255318e-45
2608,βαίνω,208.69879959511556,0.0021918177422295504,Epic,2.640918256681197e-47,1.2080059739243491e-44
10137,λαός,202.8078286336673,0.001474423508335249,Epic,5.0947354814466975e-46,2.2396324845647957e-43
12772,οἴομαι,196.47662814391208,0.0005112920230517396,Epic,1.2267157222474682e-44,5.190387560294319e-42
22400,ἀμύμων,196.2588362935929,0.00045976647034109915,Epic,1.3685960323320643e-44,5.7192107528898815e-42
31949,ὀτρύνω,190.86970057991113,0.0005548905676530507,Epic,2.053508086774065e-43,8.274904193954204e-41
10763,μέμαα,184.1896808483978,0.00045976647034109915,Epic,5.897931417202648e-42,2.2431357364145218e-39
22140,ἀμείβω,184.125142536211,0.0007451387622769538,Epic,6.092412904634712e-42,2.2913564934331153e-39
31011,ἥρως,182.51518585215203,0.0004558029662864345,Epic,1.3685912740872498e-41,5.035374569193404e-39
30768,ἠώς,182.51518585215203,0.0004558029662864345,Epic,1.3685912740872498e-41,5.035374569193404e-39
1182,Νέστωρ,181.5412829369959,0.00047562048655975777,Epic,2.233075835368761e-41,8.127675693698623e-39
33290,ὠκύς,178.18252061388637,0.0004875109987237517,Epic,1.2085390970090373e-40,4.306088409964095e-38
7026,θοός,173.9183538007461,0.0006777591933476548,Epic,1.0313699516543578e-39,3.6365459889112875e-37
3901,δαμάζω,172.29585281193903,0.0006460511609103376,Epic,2.3321072547539263e-39,8.055050863894454e-37
25415,ἄνωγα,170.06144006661876,0.0006262336406370144,Epic,7.173768837252057e-39,2.4527767815368172e-36
10793,μένος,164.6004191491914,0.0008521533717528993,Epic,1.1184025802234006e-37,3.6054103750458937e-35
26171,Ἀτρείδης,163.46959570033198,0.0010186205420488145,Epic,1.9752979226312538e-37,6.307722583315595e-35
31280,ἱκάνω,163.42753784829256,0.0004875109987237517,Epic,2.0175326198112486e-37,6.382379593270183e-35
20615,χέω,162.49113000855294,0.0006737956892929901,Epic,3.2314085441814914e-37,1.0127772945555491e-34
33399,ὦμος,162.085766966854,0.000685686201456984,Epic,3.9623354237615965e-37,1.2304687317330851e-34
5351,δύω,161.80437965396555,0.0005469635595437214,Epic,4.56484985574516e-37,1.4046872978828903e-34
8894,κλισία,159.91616184485346,0.000495438006833081,Epic,1.1802282144614782e-36,3.5990580929105024e-34
31478,ἵημι,157.97706443087742,0.0008561168758075639,Epic,3.130779438920955e-36,9.37820825026862e-34
8679,κεφαλή,157.93777849102437,0.0005945256081996971,Epic,3.193277422947043e-36,9.481512937660916e-34
11872,μῦθος,154.03149789480707,0.0016250366624125055,Epic,2.279530187432689e-35,6.651708389173197e-33
7512,κίω,151.07694193893602,0.0004399489500677759,Epic,1.0082570866743601e-34,2.9169653099863603e-32
31040,ἦτορ,150.73224190835808,0.0003804963892478062,Epic,1.1992551469198772e-34,3.4401345311941465e-32
11915,νέομαι,150.5779002597394,0.0003527518608651537,Epic,1.2961225165426388e-34,3.686760593483343e-32
3387,γλαυκῶπις,147.39079888628004,0.0003725693811384769,Epic,6.446164537142616e-34,1.803274573700334e-31
15057,πολύμητις,147.19412722019467,0.0003448248527558244,Epic,7.116955193368748e-34,1.97460505196999e-31
12246,νοέω,146.79167918575317,0.0006183066325276851,Epic,8.715080581895869e-34,2.3983476635495386e-31
31822,ὀξύς,144.43630949505658,0.0006500146649650023,Epic,2.852326886509097e-33,7.786162321084389e-31
12794,οἶνος,143.7893020680853,0.0005707445838717093,Epic,3.950544826649277e-33,1.069775934698011e-30
3388,γλαφυρός,142.11846766087763,0.0003329343405918304,Epic,9.161736100223045e-33,2.4039969399724793e-30
19189,τεῦχος,140.58422811464186,0.0009472774690648508,Epic,1.9836196067738612e-32,5.125461074022017e-30
6665,θέω,140.4265811411053,0.00032897083653716575,Epic,2.1474906720083357e-32,5.3844749449489e-30
19961,φαεινός,140.4265811411053,0.00032897083653716575,Epic,2.1474906720083357e-32,5.3844749449489e-30
1419,Πηνελόπεια,140.4265811411053,0.00032897083653716575,Epic,2.1474906720083357e-32,5.3844749449489e-30
8593,κελεύω,138.0804505626237,0.0009393504609555215,Epic,6.998337402074132e-32,1.7165704545130963e-29
6387,εὔχομαι,137.12947274501695,0.0007372117541676245,Epic,1.1297353585837174e-31,2.7120859682766134e-29
13200,πέπνυμαι,137.04280810156058,0.0003210438284278365,Epic,1.1801332723062915e-31,2.8131219108658917e-29
234,Αἴας,136.09707789335334,0.0010067300298848205,Epic,1.9000989955395421e-31,4.466420201390136e-29
27039,ἐλαύνω,136.04045343004137,0.0008244088433702468,Epic,1.9550648039166819e-31,4.5639302446741907e-29
31537,Ἰδομενεύς,133.65903506201587,0.0003131168203185072,Epic,6.4872342745121105e-31,1.4937849861085744e-28
24786,ἀχεύω,132.42324167015553,0.0004716569825050931,Epic,1.2089170934793092e-30,2.7463513219584655e-28
18766,τέρπω,131.4050417446905,0.00040824091763045874,Epic,2.0190515936094585e-30,4.556191826139104e-28
7446,κέλομαι,129.81317690045594,0.0004042774135757941,Epic,4.5021923101168594e-30,1.0092364735440104e-27
214,Αἰνείας,129.03037616614154,0.00032897083653716575,Epic,6.678838080995189e-30,1.4873157250237246e-27
396,Δαναοί,128.90898271228116,0.0007015402176756427,Epic,7.100067967117761e-30,1.5707856249605824e-27
31035,ἦμαρ,128.6710155362689,0.0009512409731195155,Epic,8.004452768332022e-30,1.759368323086173e-27
11106,μεγάθυμος,128.5833755026988,0.0003012263081545132,Epic,8.365813432157289e-30,1.826931734613497e-27
30241,ἔρχομαι,127.62531877509088,0.005231825352157335,Epic,1.3556485795625737e-29,2.941496716000869e-27
1842,Φαίαξ,126.89148898292645,0.00029726280409984857,Epic,1.9621376138625325e-29,4.230343700104004e-27
31542,Ἰθάκη,124.02880009169057,0.00031708032437317184,Epic,8.302968943622518e-29,1.7565449735792414e-26
830,Κρονίων,123.50771594338175,0.0002893357959905193,Epic,1.0796560306851513e-28,2.269892980289546e-26
10720,μέλας,121.69977996411016,0.0009076424285182044,Epic,2.685503029872454e-28,5.576784788843724e-26
10685,μέγας,120.09972153477133,0.004950416564276145,Epic,6.015921043897484e-28,1.241664093993207e-25
31046,ἧμαι,118.91824382889493,0.0006024526163090264,Epic,1.0913624283097432e-27,2.2388804142943333e-25
1491,Ποσειδεών,118.78834707592426,0.00032500733248250115,Epic,1.165223429791074e-27,2.3477171354165514e-25
5772,εἷμα,118.78834707592426,0.00032500733248250115,Epic,1.165223429791074e-27,2.3477171354165514e-25
19946,φαίδιμος,118.4320563840647,0.00027744528382652535,Epic,1.3944998501083172e-27,2.7603757559249376e-25
25983,Ἀλκίνοος,118.4320563840647,0.00027744528382652535,Epic,1.3944998501083172e-27,2.7603757559249376e-25
17595,συβώτης,118.4320563840647,0.00027744528382652535,Epic,1.3944998501083172e-27,2.7603757559249376e-25
30361,ἕζομαι,117.56297817320383,0.0004042774135757941,Epic,2.161273490642772e-27,4.204422206021104e-25
33511,ῥέζω,117.15028623030932,0.0004320219419584466,Epic,2.6611892751559833e-27,5.147348329985993e-25
8177,καταλέγω,116.74016986429234,0.0002734817797718607,Epic,3.27250575638118e-27,6.258251262584552e-25
9308,κρείων,116.74016986429234,0.0002734817797718607,Epic,3.27250575638118e-27,6.258251262584552e-25
16194,πρότερος,116.15008755635759,0.0005826350960357032,Epic,4.406536968450817e-27,8.332786024865459e-25
9845,κῦδος,115.50458445565127,0.00031708032437317184,Epic,6.1017828476719436e-27,1.147440264504709e-24
11112,μεγαλήτωρ,115.04828334451999,0.00026951827571719604,Epic,7.680447243911094e-27,1.4363285014317493e-24
25562,ἄριστος,114.14487959318498,0.0012088687366727177,Epic,1.2112710737546289e-26,2.252764537116507e-24
33222,ὗς,114.0344264445361,0.00029329930004518397,Epic,1.280656431617798e-26,2.3687945111382976e-24
5368,δῆμος,113.64966631220233,0.0005271460392703982,Epic,1.5549047264908705e-26,2.8449713560534854e-24
20492,φωνέω,112.93272976561016,0.0008164818352609175,Epic,2.2322122807160627e-26,4.062266316664409e-24
21059,χρύσεος,112.05078626147653,0.0005826350960357032,Epic,3.4827359246475335e-26,6.304124508737666e-24
2090,αἰνός,110.77704383569798,0.0004558029662864345,Epic,6.621403885938976e-26,1.1921696815699384e-23
11423,μετεῖπον,109.97262378520293,0.00025762776355320213,Epic,9.935341699866271e-26,1.7793723872950972e-23
13328,πίνω,109.83320091002207,0.00038445989330247087,Epic,1.0659302194943312e-25,1.898982736824401e-23
10894,μίγνυμι,109.26827599492637,0.00033689784464649506,Epic,1.417427544803162e-25,2.5119636106828395e-23
29797,ἔδω,108.28073726543057,0.0002536642594985375,Epic,2.332807673096468e-25,4.091357871846753e-23
15316,προίημι,108.28073726543057,0.0002536642594985375,Epic,2.332807673096468e-25,4.091357871846753e-23
6844,θεράπων,107.37879949951024,0.00027744528382652535,Epic,3.6771922555104405e-25,6.415942301895511e-23
7524,καίω,107.30669781825277,0.00029726280409984857,Epic,3.8134343640645e-25,6.619535373806116e-23
29977,ἔλπω,106.58885074565822,0.0002497007554438728,Epic,5.478053239750662e-25,9.460542046546946e-23
21422,ἀγλαός,105.66923726535673,0.00029329930004518397,Epic,8.712955311464512e-25,1.4970803265876258e-22
1800,Τυδείδης,104.89696422588587,0.00024573725138920817,Epic,1.2865490808283633e-24,2.199414133179761e-22
23150,ἀντίος,104.75865816408137,0.00035671536491981834,Epic,1.3795594253153902e-24,2.3465681903266655e-22
23139,ἀντίθεος,103.20507770611351,0.0002417737473345435,Epic,3.021906011483718e-24,5.038842196192727e-22
24210,ἀργαλέος,101.51319118634116,0.00023781024327987888,Epic,7.098912110890666e-24,1.1664615341822242e-21
1501,Πρίαμος,101.08992754663075,0.0007570292744409477,Epic,8.790074191950317e-24,1.430457794823684e-21
25347,ἄνεμος,101.06153938974028,0.0004795839906144224,Epic,8.916959366361671e-24,1.4441634334544315e-21
14903,πολεμίζω,99.8213046665688,0.00023384673922521423,Epic,1.667864465993868e-23,2.6756182137168927e-21
3859,δαίφρων,99.8213046665688,0.00023384673922521423,Epic,1.667864465993868e-23,2.6756182137168927e-21
30406,ἕννυμι,99.0686927367421,0.00025762776355320213,Epic,2.438935201069128e-23,3.8941281896692884e-21
16387,πυκνός,98.4658509782856,0.0003963504054664648,Epic,3.306781582456306e-23,5.182002304840903e-21
18813,τίθημι,97.80722281897229,0.0023701754246894594,Epic,4.611623690403118e-23,7.193495405366596e-21
452,Διομήδης,97.55098066106842,0.0003527518608651537,Epic,5.2487353475289194e-23,8.11600842858913e-21
2945,βοῦς,97.34063636120823,0.0008957519163542105,Epic,5.837003154318695e-23,8.980759989569704e-21
25834,ἅλς,96.95817485704265,0.0005945256081996971,Epic,7.080737701889001e-23,1.0845062917250714e-20
24199,ἀραρίσκω,96.76978325843758,0.0002893357959905193,Epic,7.787557260014009e-23,1.1873920076315955e-20
20887,χολόω,96.54417782536407,0.0003051898122091779,Epic,8.727456793738037e-23,1.3247340135033131e-20
4585,διοτρεφής,94.74564510725175,0.0002219562270612203,Epic,2.164892312848427e-22,3.214010521824842e-20
26054,Ἀντίνοος,94.74564510725175,0.0002219562270612203,Epic,2.164892312848427e-22,3.214010521824842e-20
11558,μιμνήσκω,94.32802499680585,0.0005192190311610689,Epic,2.673383811774259e-22,3.9515881504256285e-20
26052,Ἀντίλοχος,94.08829127737246,0.00024573725138920817,Epic,3.0175901729085818e-22,4.402690075982008e-20
22278,ἀμφίπολος,91.96892595034335,0.00030915331626384253,Epic,8.804825622388936e-22,1.262858230899335e-19
20582,χάλκεος,91.95134533135455,0.00027744528382652535,Epic,8.88339550844659e-22,1.2682450343741214e-19
2001,αἰγίοχος,91.36187206770704,0.00021402921895189098,Epic,1.1966002986286333e-21,1.673707582986802e-19
31688,ὀιστός,91.36187206770704,0.00021402921895189098,Epic,1.1966002986286333e-21,1.673707582986802e-19
14300,περικαλλής,91.36187206770704,0.00021402921895189098,Epic,1.1966002986286333e-21,1.673707582986802e-19
6786,θείνω,90.34771001316936,0.0002734817797718607,Epic,1.997767206132169e-21,2.7714107442773687e-19
18594,σῖτος,90.21520753083357,0.0002893357959905193,Epic,2.1361386033996857e-21,2.9512716565908554e-19
3230,γαῖα,90.06473045173038,0.0018113213529817442,Epic,2.3049418877064326e-21,3.171543819389229e-19
9847,κῦμα,89.1788495530998,0.0005152555271064043,Epic,3.606845912050745e-21,4.942839161012375e-19
18899,τανύω,87.97809902816235,0.0002061022108425617,Epic,6.618322120829256e-21,8.92524244892229e-19
8785,κιχάνω,87.71183410757686,0.0002497007554438728,Epic,7.571999683704427e-21,1.0170818146575838e-18
1127,Μηριόνης,87.45525282448452,0.00022988323517054957,Epic,8.62082622043426e-21,1.1533847697054516e-18
20840,χιτών,87.29888180340114,0.00029726280409984857,Epic,9.330063742246188e-21,1.2433595575247685e-18
10635,μάρναμαι,85.79845582415612,0.00022591973111588492,Epic,1.9924169020706564e-20,2.600342557870981e-18
3670,δέπας,85.79845582415612,0.00022591973111588492,Epic,1.9924169020706564e-20,2.600342557870981e-18
32440,ὅμιλος,85.7935480746701,0.0004122044216851234,Epic,1.9973679135172532e-20,2.600342557870981e-18
31474,ἵζω,85.74594226736978,0.00029329930004518397,Epic,2.0460366324755748e-20,2.6534978533588405e-18
2874,βουλή,85.73778176989356,0.0004240949338491173,Epic,2.054497634175589e-20,2.654301161038531e-18
9095,κονία,85.48502080533771,0.00027744528382652535,Epic,2.3346346750891338e-20,2.993373072617125e-18
10557,λύω,85.45376417524415,0.0007847738028236002,Epic,2.3718317398059438e-20,3.0295899079506185e-18
8915,κλυτός,85.39207650115502,0.0003210438284278365,Epic,2.446991850984562e-20,3.1138431264652797e-18
5675,εἴδομαι,84.59432598861764,0.0001981752027332324,Epic,3.663149594288352e-20,4.5923685413728304e-18
2278,αἴξ,84.59432598861764,0.0001981752027332324,Epic,3.663149594288352e-20,4.5923685413728304e-18
8313,κατατίθημι,84.59432598861764,0.0001981752027332324,Epic,3.663149594288352e-20,4.5923685413728304e-18
28960,ἐπιτέλλω,84.14228548842085,0.0002219562270612203,Epic,4.6041704359813944e-20,5.750795759687609e-18
21386,ἀγείρω,83.94675428017212,0.00025762776355320213,Epic,5.0828148272711355e-20,6.256298148665479e-18
22691,ἀνίστημι,83.46076621249887,0.00036860587708381225,Epic,6.499314587218643e-20,7.970844183433471e-18
2347,αὐδάω,83.30253708919318,0.0004637299743957638,Epic,7.040918334796976e-20,8.603900531210933e-18
31372,ἱππόδαμος,82.90243946884529,0.00019421169867856776,Epic,8.620472932551088e-20,1.0458580225588593e-17
20849,χλαῖνα,82.8345804011815,0.00023781024327987888,Epic,8.921549002742501e-20,1.078519686406539e-17
21590,ἀείρω,82.64599524769788,0.00028537229193585466,Epic,9.814646087586402e-20,1.1822631865434596e-17
1098,Μενέλαος,81.76116811342393,0.0011018541271967722,Epic,1.5356635939600032e-19,1.830305527885639e-17
6558,θάλασσα,81.23498268113264,0.0005984891122543618,Epic,2.0041274388130395e-19,2.380270514960792e-17
3842,δαίνυμι,81.2110782769404,0.00023384673922521423,Epic,2.0285164433436725e-19,2.3847745763121718e-17
31857,ὀρίνω,81.21055294907293,0.0001902481946239031,Epic,2.0290557416109947e-19,2.3847745763121718e-17
33083,ὑσμίνη,81.21055294907293,0.0001902481946239031,Epic,2.0290557416109947e-19,2.3847745763121718e-17
2107,αἰπύς,80.83191724322432,0.00021402921895189098,Epic,2.457564018360882e-19,2.8784112269030274e-17
11736,μυθέομαι,80.75503452278785,0.0002497007554438728,Epic,2.555062466046325e-19,2.982286531489726e-17
7816,καλύπτω,80.20726611552354,0.0003963504054664648,Epic,3.371252123837701e-19,3.881412011557223e-17
15208,ποταμός,79.93780828720651,0.00056281757576238,Epic,3.863819134564251e-19,4.4334377588428927e-17
14257,περίφρων,79.5887657438563,0.00022988323517054957,Epic,4.610395585663312e-19,5.2193070294019207e-17
31678,ὀδύρομαι,79.5887657438563,0.00022988323517054957,Epic,4.610395585663312e-19,5.2193070294019207e-17
32203,ὄις,79.5887657438563,0.00022988323517054957,Epic,4.610395585663312e-19,5.2193070294019207e-17
12887,οὐτάω,79.51866642930058,0.00018628469056923845,Epic,4.776907933805005e-19,5.389785221712187e-17
7490,κήρ,79.41764507898536,0.0003448248527558244,Epic,5.027509195421508e-19,5.653692981921018e-17
3747,δίδωμι,79.25823144539322,0.003289708365371658,Epic,5.449981833146587e-19,6.088331190434944e-17
29288,ἐρύκω,79.16153069698008,0.00024573725138920817,Epic,5.723374260179629e-19,6.372713662263824e-17
3809,δίφρος,78.88659385395505,0.00041616792573978805,Epic,6.577962604500436e-19,7.276387457507688e-17
1408,Πηλείδης,77.96768492756499,0.00022591973111588492,Epic,1.0474013389234021e-18,1.1436609006844592e-16
21128,χώομαι,77.82677990952823,0.0001823211865145738,Epic,1.1248472653608689e-18,1.2242750831254037e-16
21599,ἀεικής,77.56966733616484,0.0002417737473345435,Epic,1.281226763039606e-18,1.390007843016911e-16
11860,μῆλον,77.55903519997409,0.0003646423730291476,Epic,1.2881421289597745e-18,1.3930454608038148e-16
13264,πέτομαι,77.52434620150912,0.0002061022108425617,Epic,1.310965279055987e-18,1.4087258327227334e-16
12279,νοστέω,77.52434620150912,0.0002061022108425617,Epic,1.310965279055987e-18,1.4087258327227334e-16
14864,ποιμήν,76.36971751874277,0.00029726280409984857,Epic,2.3523092766811377e-18,2.51177655225173e-16
16651,σάκος,76.14831581312677,0.00036067886897448294,Epic,2.6313952586670496e-18,2.7747694115458242e-16
7867,καρπάλιμος,76.13489338975587,0.00017835768245990917,Epic,2.649342242131006e-18,2.785018184903492e-16
3538,γόνυ,75.37451740191565,0.000630197144691679,Epic,3.893831327578198e-18,4.0805664584270725e-16
32550,Ὄλυμπος,74.84924836433615,0.0004716569825050931,Epic,5.080640065642246e-18,5.291525710213058e-16
31453,ἴφθιμος,74.44300686998352,0.00017439417840524451,Epic,6.241438383231975e-18,6.421472578541615e-16
22709,ἀναβαίνω,74.44300686998352,0.00017439417840524451,Epic,6.241438383231975e-18,6.421472578541615e-16
6817,θεοειδής,74.44300686998352,0.00017439417840524451,Epic,6.241438383231975e-18,6.421472578541615e-16
21911,ἀλέομαι,74.44300686998352,0.00017439417840524451,Epic,6.241438383231975e-18,6.421472578541615e-16
7200,θωρήσσω,72.75112035021117,0.00017043067435057986,Epic,1.4707471338529726e-17,1.4860692457847543e-15
8108,καταδύω,72.75112035021117,0.00017043067435057986,Epic,1.4707471338529726e-17,1.4860692457847543e-15
21341,ἀγήνωρ,72.75112035021117,0.00017043067435057986,Epic,1.4707471338529726e-17,1.4860692457847543e-15
21362,ἀγαυός,72.56872666909541,0.00019421169867856776,Epic,1.6131521160945613e-17,1.6251067255263334e-15
31960,ὀφθαλμός,71.9055763324061,0.0006183066325276851,Epic,2.2574510106116106e-17,2.260723646692083e-15
16815,σεύω,71.49660470739877,0.00021006571489722635,Epic,2.777356388606796e-17,2.7569130908490158e-15
29063,ἐποτρύνω,71.49660470739877,0.00021006571489722635,Epic,2.777356388606796e-17,2.7569130908490158e-15
12083,νεμεσάω,71.05923383043881,0.0001664671702959152,Epic,3.4665936241712125e-17,3.3913505082246063e-15
12070,νεικέω,71.05923383043881,0.0001664671702959152,Epic,3.4665936241712125e-17,3.3913505082246063e-15
5677,εἴδω,71.05923383043881,0.0001664671702959152,Epic,3.4665936241712125e-17,3.3913505082246063e-15
7233,θύρα,70.78808312371319,0.0003210438284278365,Epic,3.977322741799842e-17,3.868632111700657e-15
11938,νήπιος,70.78808312371319,0.0003210438284278365,Epic,3.977322741799842e-17,3.868632111700657e-15
18841,τίω,69.8391054427209,0.00023781024327987888,Epic,6.434450637498189e-17,6.2228491322478906e-15
30787,ἡγήτωρ,69.36734731066646,0.00016250366624125058,Epic,8.173060293096735e-17,7.70612584571118e-15
28893,ἐπισεύω,69.36734731066646,0.00016250366624125058,Epic,8.173060293096735e-17,7.70612584571118e-15
1584,Σαρπηδών,69.36734731066646,0.00016250366624125058,Epic,8.173060293096735e-17,7.70612584571118e-15
17119,σπέος,69.36734731066646,0.00016250366624125058,Epic,8.173060293096735e-17,7.70612584571118e-15
11267,μερμηρίζω,69.36734731066646,0.00016250366624125058,Epic,8.173060293096735e-17,7.70612584571118e-15
5739,εἶδον,69.28887205115652,0.0030082995774904676,Epic,8.504808886335003e-17,7.996646555376486e-15
708,Κίρκη,69.26917971348581,0.00018628469056923845,Epic,8.590150123342483e-17,8.054515000693065e-15
14109,πειράω,69.14645154915615,0.0003408613487011597,Epic,9.1416693613915e-17,8.52441780203143e-15
19449,τρέπω,68.92609568479992,0.00027744528382652535,Epic,1.0222321235201227e-16,9.50591624973424e-15
26069,Ἀπόλλων,68.4065450432793,0.0008917884122995458,Epic,1.3303527830679938e-16,1.2303582337177191e-14
3520,γυῖον,68.05626678018669,0.00021799272300655564,Epic,1.5889602678118822e-16,1.4655235995957602e-14
21440,ἀγορά,67.81014965870033,0.00032500733248250115,Epic,1.8002042446198642e-16,1.6558454748950487e-14
27491,ἐνοσίχθων,67.67546079089412,0.00015854016218658592,Epic,1.9274758354500507e-16,1.7491455644543905e-14
30858,ἡμίονος,67.67546079089412,0.00015854016218658592,Epic,1.9274758354500507e-16,1.7491455644543905e-14
5228,δόρπον,67.67546079089412,0.00015854016218658592,Epic,1.9274758354500507e-16,1.7491455644543905e-14
567,Εὔμαιος,67.67546079089412,0.00015854016218658592,Epic,1.9274758354500507e-16,1.7491455644543905e-14
29016,ἐποίχομαι,67.67546079089412,0.00015854016218658592,Epic,1.9274758354500507e-16,1.7491455644543905e-14
4675,δμωή,67.28142097744423,0.00024573725138920817,Epic,2.353892181799959e-16,2.130398301116225e-14
2487,αὔω,66.65866995106835,0.0001981752027332324,Epic,3.228332443980298e-16,2.9062719387310933e-14
588,Ζεύς,66.24289504260594,0.00517633629539203,Epic,3.986421149406198e-16,3.560326371668876e-14
9115,κορυθαίολος,65.98357427112175,0.00015457665813192127,Epic,4.546965859253958e-16,4.0185443177516243e-14
10219,λευκώλενος,65.98357427112175,0.00015457665813192127,Epic,4.546965859253958e-16,4.0185443177516243e-14
26326,ἐγείρω,65.18850229110542,0.00022591973111588492,Epic,6.806549962295143e-16,5.968780043360837e-14
5384,δῶρον,64.99588133075,0.0006817226974023194,Epic,7.505477922531587e-16,6.564674992242162e-14
24230,ἀργύρεος,64.2916877513494,0.0001506131540772566,Epic,1.0729746386488035e-15,9.312594498364961e-14
11253,μενεαίνω,64.2916877513494,0.0001506131540772566,Epic,1.0729746386488035e-15,9.312594498364961e-14
10021,λίσσομαι,63.781284566323066,0.00034878835681048903,Epic,1.3902811067870768e-15,1.1974459334258465e-13
31827,ὀπάζω,63.6434748380786,0.0002219562270612203,Epic,1.4910204777415985e-15,1.2809531002811008e-13
9701,κόρυς,63.44161183701993,0.0001902481946239031,Epic,1.6519133449519365e-15,1.415585185146281e-13
15084,πολύτλας,62.681537704301725,0.00017043067435057986,Epic,2.4298275114882594e-15,2.0459510307553754e-13
31109,ἰάχω,62.599801231577054,0.00014664965002259198,Epic,2.5327903311909005e-15,2.1116359586325316e-13
29620,ἑκατόμβη,62.599801231577054,0.00014664965002259198,Epic,2.5327903311909005e-15,2.1116359586325316e-13
33567,ῥεῖα,62.599801231577054,0.00014664965002259198,Epic,2.5327903311909005e-15,2.1116359586325316e-13
5694,εἴλω,62.599801231577054,0.00014664965002259198,Epic,2.5327903311909005e-15,2.1116359586325316e-13
12426,νῆσος,62.43810936226547,0.0003448248527558244,Epic,2.749508779892629e-15,2.2866860611937496e-13
18738,τέμνω,62.10119511048394,0.00021799272300655564,Epic,3.2625335387032708e-15,2.686946417313066e-13
32221,ὄλεθρος,61.102267035622816,0.0003963504054664648,Epic,5.418570878036984e-15,4.4302706678906734e-13
17367,στενάχω,61.03727473232311,0.0001664671702959152,Epic,5.6004347134532695e-15,4.567930472666981e-13
11968,ναιετάω,60.9079147118047,0.00014268614596792733,Epic,5.9807907646853926e-15,4.785905120421651e-13
17063,σμερδαλέος,60.9079147118047,0.00014268614596792733,Epic,5.9807907646853926e-15,4.785905120421651e-13
31851,ὀρέγω,60.9079147118047,0.00014268614596792733,Epic,5.9807907646853926e-15,4.785905120421651e-13
29575,ἐύς,60.9079147118047,0.00014268614596792733,Epic,5.9807907646853926e-15,4.785905120421651e-13
32891,ὑπερφίαλος,60.9079147118047,0.00014268614596792733,Epic,5.9807907646853926e-15,4.785905120421651e-13
12132,νεφεληγερέτα,60.9079147118047,0.00014268614596792733,Epic,5.9807907646853926e-15,4.785905120421651e-13
27971,ἐξεναρίζω,60.9079147118047,0.00014268614596792733,Epic,5.9807907646853926e-15,4.785905120421651e-13
10430,λούω,60.23180667544626,0.0001823211865145738,Epic,8.431860108012017e-15,6.699766028077435e-13
31485,ἵκω,59.39417353796213,0.00016250366624125058,Epic,1.2905060451220391e-14,1.0206154000312127e-12
340,Γερήνιος,59.21602819203235,0.00013872264191326267,Epic,1.4127839583521151e-14,1.106975097367147e-12
7257,θώραξ,59.21602819203235,0.00013872264191326267,Epic,1.4127839583521151e-14,1.106975097367147e-12
20575,χάζω,59.21602819203235,0.00013872264191326267,Epic,1.4127839583521151e-14,1.106975097367147e-12
21781,ἀκοντίζω,59.21602819203235,0.00013872264191326267,Epic,1.4127839583521151e-14,1.106975097367147e-12
13141,πέλω,59.006940340238025,0.0005826350960357032,Epic,1.571168150622708e-14,1.2282325803794005e-12
20193,φιλότης,58.641662244974206,0.0002497007554438728,Epic,1.891680717659574e-14,1.4753801984345373e-12
1560,Πύλος,57.752292227825635,0.00015854016218658592,Epic,2.9729340873629496e-14,2.297507897788778e-12
12884,οὐτάζω,57.524141672259994,0.00013475913785859802,Epic,3.338562874013696e-14,2.533789567768825e-12
29371,ἐυκνήμις,57.524141672259994,0.00013475913785859802,Epic,3.338562874013696e-14,2.533789567768825e-12
19833,φάλαγξ,57.524141672259994,0.00013475913785859802,Epic,3.338562874013696e-14,2.533789567768825e-12
17437,στιβαρός,57.524141672259994,0.00013475913785859802,Epic,3.338562874013696e-14,2.533789567768825e-12
30791,ἡγεμονεύω,57.524141672259994,0.00013475913785859802,Epic,3.338562874013696e-14,2.533789567768825e-12
25544,ἄρειος,57.524141672259994,0.00013475913785859802,Epic,3.338562874013696e-14,2.533789567768825e-12
31135,ἰδέ,57.524141672259994,0.00013475913785859802,Epic,3.338562874013696e-14,2.533789567768825e-12
24583,ἀτρεκής,57.524141672259994,0.00013475913785859802,Epic,3.338562874013696e-14,2.533789567768825e-12
1156,Μυρμιδόνες,57.029914479087246,0.00017439417840524451,Epic,4.292328912026196e-14,3.235880653522822e-12
18836,τίπτε,57.029914479087246,0.00017439417840524451,Epic,4.292328912026196e-14,3.235880653522822e-12
930,Λαερτιάδης,56.11169338014866,0.00015457665813192127,Epic,6.846868777441315e-14,5.150214694391358e-12
7348,κάμνω,55.96174489194938,0.00020213870678789704,Epic,7.389496896568388e-14,5.533784965750959e-12
11630,μογέω,55.83225515248764,0.0001307956338039334,Epic,7.892592450822446e-14,5.8586921462256354e-12
9053,κομάω,55.83225515248764,0.0001307956338039334,Epic,7.892592450822446e-14,5.8586921462256354e-12
20695,χαλκοχίτων,55.83225515248764,0.0001307956338039334,Epic,7.892592450822446e-14,5.8586921462256354e-12
29372,ἐυκτίμενος,55.83225515248764,0.0001307956338039334,Epic,7.892592450822446e-14,5.8586921462256354e-12
10109,λανθάνω,55.50560955039613,0.0004716569825050931,Epic,9.319269747475414e-14,6.90258121843097e-12
6530,ζώω,55.43216732842582,0.00017043067435057986,Epic,9.674034417356855e-14,7.1341261654272805e-12
8988,κοιμάω,55.43216732842582,0.00017043067435057986,Epic,9.674034417356855e-14,7.1341261654272805e-12
29320,ἐσθλός,55.0054065689214,0.0009076424285182044,Epic,1.20198729286343e-13,8.806508198297456e-12
22408,ἀμύνω,54.88923742767982,0.0004994015108877456,Epic,1.2751738878438445e-13,9.222940369578267e-12
31796,ὀνομάζω,54.65329147010729,0.00022591973111588492,Epic,1.437833049443329e-13,1.0377230467080436e-11
22617,ἀνέχω,54.261531742241985,0.00030915331626384253,Epic,1.755041647313231e-13,1.2612824781296296e-11
30393,ἕλκω,54.261531742241985,0.00030915331626384253,Epic,1.755041647313231e-13,1.2612824781296296e-11
30087,ἔντεα,54.14036863271529,0.00012683212974926874,Epic,1.8666660545096346e-13,1.3330122210779878e-11
9555,κυδάλιμος,54.14036863271529,0.00012683212974926874,Epic,1.8666660545096346e-13,1.3330122210779878e-11
5685,εἴκοσι,54.14036863271529,0.00012683212974926874,Epic,1.8666660545096346e-13,1.3330122210779878e-11
7484,κήδω,53.93479321798851,0.0001823211865145738,Epic,2.0725488828965824e-13,1.476920150256135e-11
31643,Ἶρις,53.83668968185857,0.0001664671702959152,Epic,2.178660495102052e-13,1.5360686247081655e-11
15921,πρόμαχος,53.83668968185857,0.0001664671702959152,Epic,2.178660495102052e-13,1.5360686247081655e-11
29399,ἐφέπω,53.695615722578296,0.00021006571489722635,Epic,2.3408505411326075e-13,1.6337206178721158e-11
33173,ὕδωρ,52.977888897246636,0.0005509270635983861,Epic,3.373243234414108e-13,2.34457721235489e-11
29190,ἐρείπω,52.834618632678364,0.00014664965002259198,Epic,3.628491061737544e-13,2.5116726778886325e-11
30135,ἔξοχος,52.834618632678364,0.00014664965002259198,Epic,3.628491061737544e-13,2.5116726778886325e-11
28713,ἐπιβαίνω,52.552120203175036,0.00026951827571719604,Epic,4.1898018551721364e-13,2.8825325812138545e-11
5246,δύναμαι,52.45466507229099,0.0006619051771289962,Epic,4.4029585058879253e-13,3.023037372531448e-11
16327,πτολίεθρον,52.44848211294293,0.00012286862569460408,Epic,4.416842450948078e-13,3.026431176561569e-11
19898,φέρτατος,52.24359369713342,0.00016250366624125058,Epic,4.902561585898959e-13,3.345701756473667e-11
28589,ἐπείγω,52.24359369713342,0.00016250366624125058,Epic,4.902561585898959e-13,3.345701756473667e-11
33177,ὕλη,52.20390282045041,0.0002061022108425617,Epic,5.002660945446812e-13,3.407144272483484e-11
9839,κῆρ,51.74286090429132,0.00040824091763045874,Epic,6.326644916015229e-13,4.2915952657755407e-11
21299,ἀίσσω,51.417560974980645,0.0002893357959905193,Epic,7.466762627316261e-13,5.024700758887239e-11
18986,τείρω,51.3918160474175,0.0001902481946239031,Epic,7.565326375485565e-13,5.0608445154903335e-11
829,Κρονίδης,51.3918160474175,0.0001902481946239031,Epic,7.565326375485565e-13,5.0608445154903335e-11
21273,ἀέκων,51.3918160474175,0.0001902481946239031,Epic,7.565326375485565e-13,5.0608445154903335e-11
25667,ἄστυ,51.16768398410058,0.0007570292744409477,Epic,8.480326659453034e-13,5.6617470827579036e-11
22655,ἀνήρ,50.83103709908295,0.008113292799898534,Epic,1.0066918201444608e-12,6.707777838596428e-11
20581,χάλκειος,50.75659559317058,0.00011890512163993944,Epic,1.045606082458916e-12,6.859054318827877e-11
21989,ἀλεγεινός,50.75659559317058,0.00011890512163993944,Epic,1.045606082458916e-12,6.859054318827877e-11
1497,Πουλυδάμας,50.75659559317058,0.00011890512163993944,Epic,1.045606082458916e-12,6.859054318827877e-11
26907,ἐκτελέω,50.75659559317058,0.00011890512163993944,Epic,1.045606082458916e-12,6.859054318827877e-11
4114,δηιοτής,50.75659559317058,0.00011890512163993944,Epic,1.045606082458916e-12,6.859054318827877e-11
31271,ἱερεύω,50.75659559317058,0.00011890512163993944,Epic,1.045606082458916e-12,6.859054318827877e-11
14035,παχύς,50.75659559317058,0.00011890512163993944,Epic,1.045606082458916e-12,6.859054318827877e-11
551,Εὐρύμαχος,50.75659559317058,0.00011890512163993944,Epic,1.045606082458916e-12,6.859054318827877e-11
31747,ὀλοφύρομαι,50.65300005909231,0.00015854016218658592,Epic,1.1022782915794416e-12,7.189020788376209e-11
7571,καθίζω,50.65300005909231,0.00015854016218658592,Epic,1.1022782915794416e-12,7.189020788376209e-11
12188,νηλής,50.65300005909231,0.00015854016218658592,Epic,1.1022782915794416e-12,7.189020788376209e-11
19044,τελέω,50.191601590540174,0.000788737306878265,Epic,1.394433304326192e-12,9.076956330411013e-11
31093,Ἥφαιστος,50.08756776206952,0.00028537229193585466,Epic,1.470356202580621e-12,9.516269044197217e-11
12829,οὐδός,-50.09976588798553,0.0008759343960808871,Tragic,1.4612442609926687e-12,9.475413216540392e-11
5333,δύστηνος,-50.10829157530425,0.0005667810798170446,Tragic,1.454909184174616e-12,9.452441645897616e-11
19690,τυραννίς,-51.57823083449225,0.0001823211865145738,Tragic,6.880023337102302e-13,4.639081871266451e-11
17000,σκοπέω,-51.57823083449225,0.0001823211865145738,Tragic,6.880023337102302e-13,4.639081871266451e-11
24110,ἀπός,-51.57823083449225,0.0001823211865145738,Tragic,6.880023337102302e-13,4.639081871266451e-11
18670,τάχος,-51.933856088190254,0.0002417737473345435,Tragic,5.740207185106795e-13,3.901611907804817e-11
20953,χρεών,-52.699496722198596,0.00018628469056923845,Tragic,3.886906960260205e-13,2.67959091034313e-11
5720,εἴτʼ,-52.699496722198596,0.00018628469056923845,Tragic,3.886906960260205e-13,2.67959091034313e-11
20504,φόβος,-53.31773772208399,0.0008164818352609175,Tragic,2.837329737131824e-13,1.9761476187690354e-11
19931,φίλτα,-53.820762609904946,0.0001902481946239031,Tragic,2.1963934366118707e-13,1.5360686247081655e-11
19335,τοιός,-53.820762609904946,0.0001902481946239031,Tragic,2.1963934366118707e-13,1.5360686247081655e-11
25386,ἄνος,-53.820762609904946,0.0001902481946239031,Tragic,2.1963934366118707e-13,1.5360686247081655e-11
18224,σφαγή,-53.820762609904946,0.0001902481946239031,Tragic,2.1963934366118707e-13,1.5360686247081655e-11
17428,στεῖχος,-53.820762609904946,0.0001902481946239031,Tragic,2.1963934366118707e-13,1.5360686247081655e-11
23318,ἀνόσιος,-53.820762609904946,0.0001902481946239031,Tragic,2.1963934366118707e-13,1.5360686247081655e-11
21294,ἀίς,-53.820762609904946,0.0001902481946239031,Tragic,2.1963934366118707e-13,1.5360686247081655e-11
19735,τόπος,-54.9420284976113,0.00019421169867856776,Tragic,1.2413785004290463e-13,8.99773465974792e-12
19718,τόιος,-54.9420284976113,0.00019421169867856776,Tragic,1.2413785004290463e-13,8.99773465974792e-12
6585,θάνος,-54.9420284976113,0.00019421169867856776,Tragic,1.2413785004290463e-13,8.99773465974792e-12
18655,τάσδς,-54.9420284976113,0.00019421169867856776,Tragic,1.2413785004290463e-13,8.99773465974792e-12
16680,σέβω,-54.9420284976113,0.00019421169867856776,Tragic,1.2413785004290463e-13,8.99773465974792e-12
24471,ἀστός,-55.10247587513175,0.0002536642594985375,Tragic,1.1440670252039863e-13,8.400330745364367e-12
2928,βούλομαι,-55.23845487590281,0.0008006278190422589,Tragic,1.067595278711305e-13,7.855876649804123e-12
5828,εὐγενής,-56.06329438531766,0.0001981752027332324,Tragic,7.017508378400937e-14,5.266865656330228e-12
21262,ψῆφος,-57.18456027302402,0.00020213870678789704,Tragic,3.967738534141886e-14,3.0045633476995233e-12
27076,ἐλεύθερος,-58.18663348895949,0.00030915331626384253,Tragic,2.383933280744593e-14,1.8465390759707948e-12
9939,λέγος,-58.30582616073037,0.0002061022108425617,Tragic,2.243786172575051e-14,1.741970599896626e-12
18334,σωτηρία,-58.30582616073037,0.0002061022108425617,Tragic,2.243786172575051e-14,1.741970599896626e-12
12799,οἶσθις,-59.42709204843673,0.00021006571489722635,Tragic,1.2690984328884292e-14,1.0060354298557481e-12
31139,ἰδού,-60.54835793614308,0.00021402921895189098,Tragic,7.179295459898969e-15,5.717928753461652e-13
5835,εὐδαίμων,-60.54835793614308,0.00021402921895189098,Tragic,7.179295459898969e-15,5.717928753461652e-13
21556,ἀδελφός,-60.96592200529082,0.0005905621041450325,Tragic,5.807136895259848e-15,4.725138864606985e-13
30880,ἡνίκος,-61.66962382384943,0.00021799272300655564,Tragic,4.0619860843156074e-15,3.329156585181574e-13
11878,μῶν,-61.66962382384943,0.00021799272300655564,Tragic,4.0619860843156074e-15,3.329156585181574e-13
14000,πατήρ,-62.15692240708327,0.005128774246736054,Tragic,3.171502085883466e-15,2.618345709879742e-13
30288,ἔτος,-62.18163059450633,0.0006262336406370144,Tragic,3.1319582281599118e-15,2.592020881784471e-13
21073,χρῄζω,-62.26126062138292,0.00032500733248250115,Tragic,3.0078412288153804e-15,2.4954023959355834e-13
19427,τοῦσδε,-62.79088971155577,0.0002219562270612203,Tragic,2.2985960942405765e-15,1.940278782891503e-13
16489,πόλλς,-62.79088971155577,0.0002219562270612203,Tragic,2.2985960942405765e-15,1.940278782891503e-13
17245,στέγη,-62.79088971155577,0.0002219562270612203,Tragic,2.2985960942405765e-15,1.940278782891503e-13
12271,νοσέω,-62.79088971155577,0.0002219562270612203,Tragic,2.2985960942405765e-15,1.940278782891503e-13
2912,βούλευμα,-62.79088971155577,0.0002219562270612203,Tragic,2.2985960942405765e-15,1.940278782891503e-13
21130,χώρα,-63.3293333098099,0.0004240949338491173,Tragic,1.748805874019677e-15,1.494831566406365e-13
12260,νομίζω,-63.912155599262135,0.00022591973111588492,Tragic,1.300924811733966e-15,1.1233419375607911e-13
30340,ἔχος,-63.912155599262135,0.00022591973111588492,Tragic,1.300924811733966e-15,1.1233419375607911e-13
20555,φύω,-64.69244160997367,0.0008244088433702468,Tragic,8.75500566394119e-16,7.63783986388519e-14
4008,δεινός,-65.27779038593805,0.0016171096543031763,Tragic,6.505034971105019e-16,5.719192954206073e-14
9617,κυρέω,-65.33048732584443,0.00033689784464649506,Tragic,6.333392606095317e-16,5.582786623013552e-14
10805,μέρος,-66.15468737467484,0.00023384673922521423,Tragic,4.1688706994363583e-16,3.7037297717905845e-14
8872,κλεινός,-66.15468737467484,0.00023384673922521423,Tragic,4.1688706994363583e-16,3.7037297717905845e-14
19857,φάος,-66.28979594283187,0.0008878249082448812,Tragic,3.8926863399411834e-16,3.4858079344092356e-14
31895,ὀρθός,-66.60938195534222,0.0005707445838717093,Tragic,3.3100696211455224e-16,2.9719508383595434e-14
32404,ὄχλος,-67.27595326238118,0.00023781024327987888,Tragic,2.360429446081141e-16,2.1306180352106812e-14
20551,φύσις,-68.57659651902227,0.00027744528382652535,Tragic,1.2204392926628238e-16,1.1317986196532583e-14
13197,πέπλος,-69.24374687288622,0.0005667810798170446,Tragic,8.701638058128414e-17,8.136512337833943e-15
16127,πρόσπολος,-69.5184850377939,0.00024573725138920817,Tragic,7.570170821622062e-17,7.238494693250994e-15
20966,χρηστός,-69.5184850377939,0.00024573725138920817,Tragic,7.570170821622062e-17,7.238494693250994e-15
18667,τάχʼ,-69.5184850377939,0.00024573725138920817,Tragic,7.570170821622062e-17,7.238494693250994e-15
19333,τοισός,-69.5184850377939,0.00024573725138920817,Tragic,7.570170821622062e-17,7.238494693250994e-15
11549,μικρός,-70.01341104679871,0.0003329343405918304,Tragic,5.890262993393832e-17,5.71288000181627e-15
17501,στρατός,-71.20723314451446,0.0012326497610007055,Tragic,3.216069223467874e-17,3.1737821325120716e-15
3011,βροτός,-71.26458562035702,0.0018866279300203724,Tragic,3.1239295056289245e-17,3.091868123860628e-15
10718,μέλαθρον,-71.5350101427774,0.0004399489500677759,Tragic,2.7238200912048143e-17,2.719722308766719e-15
3590,δάμαρ,-72.22544173955443,0.00038445989330247087,Tragic,1.9196483835641915e-17,1.9281358497111075e-15
7661,καιρός,-72.88228270091295,0.00025762776355320213,Tragic,1.3761804999346388e-17,1.4030823416351683e-15
3163,γένοις,-74.00354858861931,0.0002615912676078668,Tragic,7.7976727450878e-18,7.974121593609577e-16
18380,σύγγονος,-74.00354858861931,0.0002615912676078668,Tragic,7.7976727450878e-18,7.974121593609577e-16
29986,ἔμι,-75.12481447632565,0.0002655547716625314,Tragic,4.418776259586115e-18,4.616393753417604e-16
12937,οὖπος,-76.24608036403203,0.00026951827571719604,Tragic,2.5042924824235747e-18,2.648993632423612e-16
7658,καινός,-76.24608036403203,0.00026951827571719604,Tragic,2.5042924824235747e-18,2.648993632423612e-16
1916,Φρύξ,-76.31973750822831,0.00035671536491981834,Tragic,2.4126043109103344e-18,2.5680579660378587e-16
3505,γυνή,-77.44635642493748,0.0036186792019088235,Tragic,1.363765522720396e-18,1.4608259233722368e-16
27429,ἐνθάς,-78.48861213944473,0.00027744528382652535,Tragic,8.04607392677305e-19,8.813966224833041e-17
12830,οὐδ’,-78.48861213944473,0.00027744528382652535,Tragic,8.04607392677305e-19,8.813966224833041e-17
30822,ἡδονή,-78.48861213944473,0.00027744528382652535,Tragic,8.04607392677305e-19,8.813966224833041e-17
2129,αἰσχρός,-79.04176561742902,0.000507328518997075,Tragic,6.081066414101459e-19,6.748787444292467e-17
19671,τυγχάνω,-79.32435785802241,0.0008997154204088751,Tragic,5.270588334888991e-19,5.907422004889319e-17
16242,πρᾶγμα,-79.60987802715107,0.00028140878788119,Tragic,4.561392940299648e-19,5.216168568790635e-17
30248,ἔσθος,-80.6166560271666,0.0003210438284278365,Tragic,2.7403986082095104e-19,3.165861859702516e-17
20434,φυγή,-80.72168371196986,0.00034878835681048903,Tragic,2.5985504966580526e-19,3.0122717726499463e-17
12792,οἶνεξ,-80.73114391485744,0.00028537229193585466,Tragic,2.5861401169306547e-19,3.0081875195184096e-17
33385,ὤμοι,-81.85240980256378,0.0002893357959905193,Tragic,1.4663802573500995e-19,1.753904782015672e-17
3840,δαίμων,-82.08125479147309,0.0012564307853286934,Tragic,1.306054355896154e-19,1.5676820529336495e-17
7638,καθός,-82.97367569027014,0.00029329930004518397,Tragic,8.315341352393772e-20,1.0124675879035136e-17
3166,γένος,-84.07086305556871,0.000923496444736863,Tragic,4.7735429054159835e-20,5.897067657132321e-18
11810,μόλος,-84.0949415779765,0.00029726280409984857,Tragic,4.7157574568925066e-20,5.8470210314415555e-18
12923,οὔτοι,-84.0949415779765,0.00029726280409984857,Tragic,4.7157574568925066e-20,5.8470210314415555e-18
11837,μόχθος,-85.21620746568283,0.0003012263081545132,Tragic,2.6746056394391723e-20,3.3907388123362e-18
18663,τάφος,-85.70097229433259,0.0005707445838717093,Tragic,2.093099673531364e-20,2.6938909068198914e-18
31859,ὀργή,-86.3374733533892,0.0003051898122091779,Tragic,1.5170644252142162e-20,1.9980978104698836e-18
25137,ἄθλιος,-87.07238747232964,0.0004201314297944527,Tragic,1.0462105344990726e-20,1.3833273586819963e-18
13957,παρθένος,-87.18477942004438,0.000483547494669087,Tragic,9.884153157612416e-21,1.3120341185569517e-18
10879,μήτηρ,-88.10832710926331,0.0030875696585837605,Tragic,6.196621291441818e-21,8.389977363760565e-19
10664,μάτην,-88.58000512880191,0.0003131168203185072,Tragic,4.881989886739253e-21,6.636565288202288e-19
19746,τότος,-88.58000512880191,0.0003131168203185072,Tragic,4.881989886739253e-21,6.636565288202288e-19
1244,Οἰδίπους,-90.82253690421462,0.0003210438284278365,Tragic,1.5715316692023022e-21,2.18908541032217e-19
13112,πέδον,-91.59512688672515,0.00036067886897448294,Tragic,1.0635459777115138e-21,1.506274803328746e-19
10880,μήτης,-91.94380279192097,0.00032500733248250115,Tragic,8.917318626282634e-22,1.2682450343741214e-19
806,Κρέων,-93.06506867962732,0.00032897083653716575,Tragic,5.060301897246529e-22,7.28877271999565e-20
4108,δεῦρος,-93.06506867962732,0.00032897083653716575,Tragic,5.060301897246529e-22,7.28877271999565e-20
10393,λοιπός,-93.06506867962732,0.00032897083653716575,Tragic,5.060301897246529e-22,7.28877271999565e-20
12977,πάθος,-94.18633456733367,0.0003329343405918304,Tragic,2.87176459873533e-22,4.2080675282507436e-20
18849,ταδύς,-94.18633456733367,0.0003329343405918304,Tragic,2.87176459873533e-22,4.2080675282507436e-20
32525,Ὀρέστης,-94.84515815417845,0.0005905621041450325,Tragic,2.0587515281988974e-22,3.083481437079844e-20
18424,σύμμαχος,-95.30760045504,0.00033689784464649506,Tragic,1.6298619148234716e-22,2.4519642646604306e-20
4815,δοῦλος,-95.30760045504,0.00033689784464649506,Tragic,1.6298619148234716e-22,2.4519642646604306e-20
2784,βλέπω,-97.55013223045272,0.0003448248527558244,Tragic,5.2509848026855136e-23,8.11600842858913e-21
20513,φόνος,-98.5143125476891,0.0011533796799074124,Tragic,3.226840022482038e-23,5.080246880046256e-21
16805,σεμνός,-98.67139811815909,0.00034878835681048903,Tragic,2.980763008446791e-23,4.71475920901474e-21
14886,πολέμιος,-98.67139811815909,0.00034878835681048903,Tragic,2.980763008446791e-23,4.71475920901474e-21
10092,λαμβάνω,-101.14125953668179,0.0022710878233228433,Tragic,8.565205442693714e-24,1.4005972899987417e-21
24163,ἀρʼ,-103.1564616689845,0.0003646423730291476,Tragic,3.096978650852033e-24,5.113640505009291e-22
19643,τρόπος,-103.1564616689845,0.0003646423730291476,Tragic,3.096978650852033e-24,5.113640505009291e-22
30540,Ἑλλάς,-103.37114930786117,0.0006064161203636912,Tragic,2.7789214905855394e-24,4.656619481922274e-22
3115,γάμος,-104.40414970646644,0.001022584046103479,Tragic,1.6498466597021189e-24,2.778391024092389e-22
16501,πόνος,-104.41210715551301,0.0013238103542579924,Tragic,1.6432339410240168e-24,2.778391024092389e-22
30851,ἡμέρα,-113.96706878771393,0.0005667810798170446,Tragic,1.324906736320571e-26,2.4373243542236417e-24
19765,τύραννος,-116.61165232146074,0.0004122044216851234,Tragic,3.491587260728235e-27,6.639704336426406e-25
33398,ὥστι,-117.73291820916707,0.00041616792573978805,Tragic,1.983805868895501e-27,3.881493922326232e-25
15250,πράσσω,-118.18459289812037,0.0008125183312062528,Tragic,1.579797112993073e-27,3.1089856091687514e-25
19715,τόδος,-118.85418409687345,0.0004201314297944527,Tragic,1.1271832023668334e-27,2.298435193790057e-25
3759,δίκαιος,-121.87535894689171,0.0007927008109329296,Tragic,2.458051849334718e-28,5.1359627807488186e-26
12388,νόσος,-126.4632549539151,0.0005430000554890568,Tragic,2.4346818209742436e-29,5.1831160351042245e-27
16750,σαφής,-126.70304531081791,0.00044787595817710524,Tragic,2.1575819802284466e-29,4.622278003085613e-27
3436,γνώμη,-133.43064063705603,0.0004716569825050931,Tragic,7.278146815446527e-31,1.6645810240273613e-28
4156,διʼ,-134.55190652476236,0.00047562048655975777,Tragic,4.13761463599863e-31,9.59274779547381e-29
5372,δῆρ,-136.7944383001751,0.000483547494669087,Tragic,1.33737198649737e-31,3.16564366230416e-29
2546,βάρβαρος,-137.91570418788146,0.0004875109987237517,Tragic,7.603695327385821e-32,1.8384105938334478e-29
27106,ἐλπίς,-137.92582315282638,0.0005271460392703982,Tragic,7.565048086004091e-32,1.8384105938334478e-29
9013,κοινός,-139.0369700755878,0.0004914745027784163,Tragic,4.323257962259994e-32,1.068160282952836e-29
19307,τλήμων,-139.99491997482667,0.0006183066325276851,Tragic,2.668852840176913e-32,6.642499984349142e-30
13123,πέλας,-140.4315767606903,0.0005667810798170446,Tragic,2.142095764882422e-32,5.3844749449489e-30
30583,Ἕλλην,-141.24484261829986,0.0005390365514343921,Tragic,1.4223410275013367e-32,3.7034478030686726e-30
30270,ἔστος,-142.40076773870686,0.0005033650149424102,Tragic,7.947893576001959e-33,2.1017832004225805e-30
4073,δεσπότης,-142.40076773870686,0.0005033650149424102,Tragic,7.947893576001959e-33,2.1017832004225805e-30
18615,σῶμα,-142.9992313166643,0.0007213577379489659,Tragic,5.8802931914169275e-33,1.579698763779933e-30
1998,αἰαῖ,-148.00709717723862,0.0005231825352157336,Tragic,4.726935786246679e-34,1.333350411905532e-31
19819,τῆσσα,-155.85595839118307,0.0005509270635983861,Tragic,9.102146841012728e-36,2.67911798627339e-33
14022,πατρῷος,-158.0984901665958,0.0005588540717077154,Tragic,2.9452381378394498e-36,8.9011933685471e-34
11821,μόνος,-164.83278458380659,0.0013317373623673216,Tragic,9.950340199013091e-38,3.238548705734559e-35
16487,πόλις,-165.25084096253403,0.0038445989330247086,Tragic,8.063332538992038e-38,2.6498615836149665e-35
29558,ἐχθρός,-165.46243763587103,0.0007847738028236002,Tragic,7.249237537894475e-38,2.4056807982371575e-35
32137,ὁράω,-169.3020169581775,0.002354321408470801,Tragic,1.0510290973365045e-38,3.5224043480934e-36
23304,ἀνό,-169.3111490436593,0.0005984891122543618,Tragic,1.0462131013123418e-38,3.5224043480934e-36
12379,νόμος,-173.79621259448476,0.0006143431284730205,Tragic,1.0967002634796622e-39,3.827031672012689e-37
32421,ὅδι,-179.4025420330165,0.0006341606487463437,Tragic,6.544414562861462e-41,2.356615835513805e-38
10976,μανθάνω,-184.99904869036845,0.0007570292744409477,Tragic,3.9265006286225784e-42,1.5103195429346095e-39
32256,ὄμμα,-188.45984122991825,0.001022584046103479,Tragic,6.894796547096471e-43,2.682551360030672e-40
20592,χάρις,-188.55034627866848,0.0012128322407273823,Tragic,6.588178463457411e-43,2.593061079181045e-40
13098,πάτηρ,-189.49393502237368,0.0006698321852383255,Tragic,4.100103785458522e-43,1.6327578003998294e-40
12768,οἴμοι,-191.73646679778642,0.0006777591933476548,Tragic,1.32833216103012e-43,5.417194616711871e-41
21057,χρόνος,-192.02389196576806,0.001315883346148663,Tragic,1.14966454194034e-43,4.745731107333972e-41
25809,ἅδος,-198.58996327502558,0.000776846794714271,Tragic,4.24168865257128e-45,1.8174293569732307e-42
19727,τόνυ,-200.7065938994372,0.000709467225784972,Tragic,1.4643288540806148e-45,6.3546240233044525e-43
17827,συμφορά,-204.0703915625563,0.0007213577379489659,Tragic,2.7016238211010915e-46,1.203253483163827e-43
2815,βλώσκω,-205.5719016656896,0.0009353869569008569,Tragic,1.270572352367342e-46,5.734347140704288e-44
6432,ζάω,-211.19392985111088,0.0008521533717528993,Tragic,7.540281980531247e-48,3.544875066097252e-45
19825,τῶνος,-214.16178455191348,0.0007570292744409477,Tragic,1.6979453357862844e-48,8.329529227685498e-46
20825,χθών,-218.67140933318558,0.0022116352625028736,Tragic,1.7627348787710343e-49,8.905494464406081e-47
17087,σοφός,-219.7681139904452,0.000776846794714271,Tragic,1.016164365307289e-49,5.211537515346428e-47
20049,φεῦ,-226.49570931668336,0.0008006278190422589,Tragic,3.464136307960232e-51,1.8321492170022797e-48
4698,δοκέω,-232.09795407413662,0.0014466789799525966,Tragic,2.0788474350908315e-52,1.1169350290538025e-49
8506,κατός,-238.82963408145324,0.00084422636364357,Tragic,7.077829255579987e-54,4.060634618171644e-51
4092,δεῖ,-250.04047572956486,0.0009274599487915276,Tragic,2.5445770657783412e-56,1.5660252563551103e-53
3763,δίκη,-257.2248453068047,0.0013317373623673216,Tragic,6.90948789392491e-58,4.677585114429285e-55
20920,χρή,-264.37717494682727,0.002049131596261623,Tragic,1.9073329697808606e-59,1.3736449722151564e-56
2604,βίος,-279.18269039574335,0.0010978906231421074,Tragic,1.1316261479774848e-62,8.908003135555786e-60
7719,κακός,-281.92740390688897,0.007225467891653653,Tragic,2.8548709882662046e-63,2.300822097186256e-60
5204,δόμος,-282.22378891983027,0.0035037375843235486,Tragic,2.4603717187285983e-63,2.082028057681108e-60
30987,ἥκω,-312.20048859050087,0.001216795744782047,Tragic,7.242165457927687e-70,6.45105417329985e-67
12922,οὔτις,-331.89470276108057,0.0011731972001807359,Tragic,3.7163969260652446e-74,3.699891751481837e-71
19773,τύχη,-349.8349569643822,0.0012366132650553701,Tragic,4.6034145754935945e-78,5.026483224705893e-75
13059,πάρειμι,-353.9837773717173,0.0024177374733454354,Tragic,5.749491728759816e-79,6.4871515175597e-76
31240,ἰώ,-359.9263499537393,0.001272284801547352,Tragic,2.921601979437044e-80,3.5319037643558746e-77
18635,τάλας,-363.38800024926024,0.0013674088988593035,Tragic,5.150698252057671e-81,6.4572587086629675e-78
18624,τάδος,-365.5326793922712,0.0012921023218206752,Tragic,1.7574543508839575e-81,2.28800278165658e-78
4849,δράω,-375.9541187229954,0.0013753359069686329,Tragic,9.458568994575506e-84,1.2806524075895453e-80
18708,τέκνον,-400.31804545432993,0.0030241535937091265,Tragic,4.695698710676513e-89,6.910639376421274e-86
19714,τόδις,-407.01951723740626,0.0014387519718432672,Tragic,1.6327012558256391e-90,2.6316811813543836e-87
12952,οὗς,-433.9298985423587,0.0015338760691552187,Tragic,2.2675397063953397e-96,4.039681659040834e-93
15230,ποός,-436.17243031777144,0.001541803077264548,Tragic,7.370230701257982e-97,1.3859718833715634e-93
3554,γῆ,-628.9834799421789,0.0025960951558053444,Tragic,8.315826526509979e-139,2.010588657827402e-135
5775,εἷς,-686.2643773447833,0.00428058437903782,Tragic,2.9016677318543256e-151,8.928959186867006e-148
6992,θνήσκω,-703.0337115918835,0.0024851170422747343,Tragic,6.5464469970920115e-155,2.215906844045675e-151
31460,ἵ,-858.8896699830665,0.0030360441058731205,Tragic,8.490730768198523e-189,5.7480549154550364e-185
10511,λόγος,-895.8686949751309,0.003261963836989005,Tragic,7.761025009442303e-197,6.567573388615313e-193
19298,τιξ,-1028.2008190267256,0.0036345332181274823,Tragic,1.3320138239189745e-225,2.254366796291668e-221
